{
  "project_info": {
    "project_number": "579236888579",
    "project_id": "chat-app-6cd19",
    "storage_bucket": "chat-app-6cd19.appspot.com"
  },
  "client": [
    {
      "client_info": {
        "mobilesdk_app_id": "1:579236888579:android:2600680422e17c9bddce36",
        "android_client_info": {
          "package_name": "com.example.breast_cancer"
        }
      },
      "oauth_client": [
        {
          "client_id": "579236888579-cdleh1bbmloi3gp63liaj8vor20ia5ns.apps.googleusercontent.com",
          "client_type": 3
        }
      ],
      "api_key": [
        {
          "current_key": "AIzaSyCsAcBjf7qT3VJ6hEYX4HPfUXGYCQ-vPDU"
        }
      ],
      "services": {
        "appinvite_service": {
          "other_platform_oauth_client": [
            {
              "client_id": "579236888579-cdleh1bbmloi3gp63liaj8vor20ia5ns.apps.googleusercontent.com",
              "client_type": 3
            }
          ]
        }
      }
    },
    {
      "client_info": {
        "mobilesdk_app_id": "1:579236888579:android:f8809861dcd4bbd7ddce36",
        "android_client_info": {
          "package_name": "com.example.messageme_app"
        }
      },
      "oauth_client": [
        {
          "client_id": "579236888579-cdleh1bbmloi3gp63liaj8vor20ia5ns.apps.googleusercontent.com",
          "client_type": 3
        }
      ],
      "api_key": [
        {
          "current_key": "AIzaSyCsAcBjf7qT3VJ6hEYX4HPfUXGYCQ-vPDU"
        }
      ],
      "services": {
        "appinvite_service": {
          "other_platform_oauth_client": [
            {
              "client_id": "579236888579-cdleh1bbmloi3gp63liaj8vor20ia5ns.apps.googleusercontent.com",
              "client_type": 3
            }
          ]
        }
      }
    }
  ],
  "configuration_version": "1"
}